pageid,title,last_modified,last_editor,size_bytes,status,version,notes
192,Auth Overview,2015-10-28T21:19:39Z,Leehicks,49,REVIEW,,
11,DFE,2016-10-10T14:27:45Z,Charlesharmon,455,REVIEW,,
26,DFE/Architecture,2015-12-14T21:27:59Z,JerryAblan,209,REVIEW,,
21,DFE/Architecture/Database,2015-12-14T21:56:56Z,JerryAblan,4366,REVIEW,,
65,DFE/Architecture/Database/AppKey,2015-09-20T22:55:33Z,DocBot,1010,REVIEW,,
66,DFE/Architecture/Database/AuthReset,2015-09-20T22:55:34Z,DocBot,463,REVIEW,,
23,DFE/Architecture/Database/Cluster,2015-09-20T22:55:35Z,DocBot,900,REVIEW,,
67,DFE/Architecture/Database/ClusterArchive,2015-09-20T22:55:34Z,DocBot,886,REVIEW,,
24,DFE/Architecture/Database/ClusterServerAssign,2015-09-20T22:55:35Z,DocBot,541,REVIEW,,
68,DFE/Architecture/Database/ClusterServerAssignArchive,2015-09-20T22:55:35Z,DocBot,546,REVIEW,,
70,DFE/Architecture/Database/Deactivation,2015-09-20T22:55:36Z,DocBot,918,REVIEW,,
69,DFE/Architecture/Database/DeactivationArchive,2015-09-20T22:55:36Z,DocBot,904,REVIEW,,
74,DFE/Architecture/Database/Instance,2015-09-20T22:55:38Z,DocBot,3134,REVIEW,,
71,DFE/Architecture/Database/InstanceArchive,2015-09-20T22:55:36Z,DocBot,3094,REVIEW,,
73,DFE/Architecture/Database/InstanceGuest,2015-09-20T22:55:37Z,DocBot,2051,REVIEW,,
72,DFE/Architecture/Database/InstanceGuestArchive,2015-09-20T22:55:37Z,DocBot,1982,REVIEW,,
25,DFE/Architecture/Database/InstanceServerAssign,2015-09-20T22:55:38Z,DocBot,543,REVIEW,,
75,DFE/Architecture/Database/InstanceServerAssignArchive,2015-09-20T22:55:38Z,DocBot,548,REVIEW,,
77,DFE/Architecture/Database/Job,2015-09-20T22:55:39Z,DocBot,869,REVIEW,,
76,DFE/Architecture/Database/JobFail,2015-09-20T22:55:39Z,DocBot,621,REVIEW,,
78,DFE/Architecture/Database/JobResult,2015-09-20T22:55:39Z,DocBot,644,REVIEW,,
79,DFE/Architecture/Database/Limit,2015-09-20T22:55:40Z,DocBot,1031,REVIEW,,
80,DFE/Architecture/Database/Migration,2015-09-20T22:55:40Z,DocBot,340,REVIEW,,
81,DFE/Architecture/Database/Mount,2015-09-20T22:55:40Z,DocBot,1044,REVIEW,,
82,DFE/Architecture/Database/OwnerHash,2015-09-20T22:55:41Z,DocBot,708,REVIEW,,
83,DFE/Architecture/Database/Role,2015-09-20T22:55:41Z,DocBot,834,REVIEW,,
84,DFE/Architecture/Database/RouteHash,2015-09-20T22:55:41Z,DocBot,816,REVIEW,,
86,DFE/Architecture/Database/Server,2015-09-20T22:55:42Z,DocBot,910,REVIEW,,
85,DFE/Architecture/Database/ServerArchive,2015-09-20T22:55:42Z,DocBot,892,REVIEW,,
87,DFE/Architecture/Database/Serverype,2015-09-20T22:55:42Z,DocBot,644,REVIEW,,
88,DFE/Architecture/Database/ServiceUser,2015-09-20T22:55:43Z,DocBot,1480,REVIEW,,
89,DFE/Architecture/Database/Snapshot,2015-09-20T22:55:43Z,DocBot,1039,REVIEW,,
90,DFE/Architecture/Database/User,2015-09-20T22:55:44Z,DocBot,2907,REVIEW,,
91,DFE/Architecture/Database/UserRoleAssign,2015-09-20T22:55:44Z,DocBot,540,REVIEW,,
45,DFE/Architecture/Database/Vendor,2015-09-20T22:55:45Z,DocBot,558,REVIEW,,
92,DFE/Architecture/Database/VendorCredentials,2015-09-20T22:55:44Z,DocBot,863,REVIEW,,
93,DFE/Architecture/Database/VendorImage,2015-09-20T22:55:45Z,DocBot,1408,REVIEW,,
27,DFE/Architecture/Software,2015-12-14T23:34:00Z,JerryAblan,874,REVIEW,,
94,DFE/Architecture/Software/Access Paths,2015-09-20T22:56:06Z,DocBot,51,REVIEW,,
271,DFE/Architecture/Software/Customization,2016-06-21T21:40:26Z,Toddappleton,2830,REVIEW,,
273,DFE/Architecture/Software/Events,2015-12-14T21:26:50Z,JerryAblan,706,REVIEW,,
95,DFE/Architecture/Software/Handlers,2015-09-20T22:56:07Z,DocBot,58,REVIEW,,
40,DFE/Architecture/Software/Jobs,2015-12-14T23:33:32Z,JerryAblan,486,REVIEW,,
28,DFE/Architecture/Software/Provisioning,2016-04-04T16:29:42Z,JerryAblan,5098,REVIEW,,
41,DFE/Architecture/Storage,2015-12-14T23:27:47Z,JerryAblan,4967,REVIEW,,
61,DFE/Clusters,2016-03-08T15:51:35Z,Davidweiner,1535,REVIEW,,
12,DFE/Configuration,2016-05-03T21:07:12Z,Benbusse,12112,REVIEW,,
7,DFE/Console,2016-01-14T05:03:12Z,CarstenJacobsen,7789,REVIEW,,
156,DFE/Console/API/Ops/Status,2015-10-19T18:01:23Z,JerryAblan,6223,REVIEW,,
270,DFE/Console/Command Line Utilities,2016-03-28T02:30:14Z,JerryAblan,22953,REVIEW,,
18,DFE/Console/Command Line Utility,2015-09-20T22:57:29Z,DocBot,1803,REVIEW,,
315,DFE/Console/FastTrack,2016-02-26T23:33:04Z,JerryAblan,5617,REVIEW,,
42,DFE/Cookbook,2015-09-17T02:23:35Z,JerryAblan,175,REVIEW,,
8,DFE/Dashboard,2015-09-20T22:46:02Z,DocBot,0,REVIEW,,
19,DFE/Dashboard/Command Line Utility,2015-09-11T15:28:51Z,JerryAblan,652,REVIEW,,
10,DFE/Dashboard/Reports,2015-09-08T23:08:27Z,JerryAblan,36,REVIEW,,
9,DFE/Data Collection,2016-05-05T20:41:43Z,Tracyosborn,1327,REVIEW,,
13,DFE/Installation,2020-09-28T20:24:23Z,Szymon,9235,REVIEW,,
253,DFE/Installation Walk Through,2015-11-24T02:41:18Z,JerryAblan,113699,REVIEW,,
63,DFE/Instances,2015-09-20T22:46:03Z,DocBot,0,REVIEW,,
17,DFE/Mounts,2016-03-08T16:20:48Z,Davidweiner,39,REVIEW,,
5,DFE/Overview,2015-12-14T21:35:04Z,JerryAblan,1696,REVIEW,,
238,DFE/Reports,2016-05-11T14:50:20Z,Leehicks,8126,REVIEW,,
64,DFE/Servers,2016-03-08T16:21:24Z,Davidweiner,0,REVIEW,,
359,DreamFactory,2016-06-22T19:02:26Z,Toddappleton,36,REVIEW,,
30,DreamFactory/API,2019-05-03T17:34:12Z,Jason,11544,REVIEW,,
534,DreamFactory/APT,2021-02-25T19:42:29Z,Jason,216,REVIEW,,
435,DreamFactory/APT/Ubuntu 16.04,2022-07-13T01:52:47Z,Jason,228,REVIEW,,
639,DreamFactory/APT/Ubuntu 16.04/Installation,2022-07-11T07:23:32Z,Jason,66,REVIEW,,
436,DreamFactory/APT/Ubuntu 16.04/Installation Ubuntu 16,2024-05-14T12:20:58Z,Xenon-nina,11938,REVIEW,,
681,DreamFactory/APT/Ubuntu 16.04/Modules,2022-07-12T06:58:24Z,Jason,61,REVIEW,,
658,DreamFactory/APT/Ubuntu 16.04/Modules/Apache Cassandra,2022-07-12T06:55:41Z,Jason,78,REVIEW,,
659,DreamFactory/APT/Ubuntu 16.04/Modules/Apache Cassandra Ubuntu 16,2022-07-12T06:55:42Z,Jason,88,REVIEW,,
660,DreamFactory/APT/Ubuntu 16.04/Modules/Firebird SQL,2022-07-12T06:55:42Z,Jason,74,REVIEW,,
661,DreamFactory/APT/Ubuntu 16.04/Modules/Firebird SQL Ubuntu 16,2022-07-12T06:55:42Z,Jason,84,REVIEW,,
662,DreamFactory/APT/Ubuntu 16.04/Modules/IBM DB2,2022-07-12T06:55:42Z,Jason,69,REVIEW,,
663,DreamFactory/APT/Ubuntu 16.04/Modules/MongoDB,2022-07-12T06:55:42Z,Jason,69,REVIEW,,
664,DreamFactory/APT/Ubuntu 16.04/Modules/MongoDB Ubuntu 16,2022-07-12T06:55:42Z,Jason,79,REVIEW,,
665,DreamFactory/APT/Ubuntu 16.04/Modules/MySQL,2022-07-12T06:55:42Z,Jason,67,REVIEW,,
666,DreamFactory/APT/Ubuntu 16.04/Modules/MySQL Ubuntu 16,2022-07-12T06:55:42Z,Jason,77,REVIEW,,
667,DreamFactory/APT/Ubuntu 16.04/Modules/Node.js,2022-07-12T06:55:42Z,Jason,69,REVIEW,,
668,DreamFactory/APT/Ubuntu 16.04/Modules/Oracle DB,2022-07-12T06:55:42Z,Jason,71,REVIEW,,
669,DreamFactory/APT/Ubuntu 16.04/Modules/PostgreSQL,2022-07-12T06:55:42Z,Jason,72,REVIEW,,
670,DreamFactory/APT/Ubuntu 16.04/Modules/PostgreSQL Ubuntu 16,2022-07-12T06:55:42Z,Jason,82,REVIEW,,
671,DreamFactory/APT/Ubuntu 16.04/Modules/Python,2022-07-12T06:55:42Z,Jason,68,REVIEW,,
672,DreamFactory/APT/Ubuntu 16.04/Modules/Python Ubuntu,2022-07-12T06:55:42Z,Jason,75,REVIEW,,
673,DreamFactory/APT/Ubuntu 16.04/Modules/SQLAnywhere,2022-07-12T06:55:43Z,Jason,73,REVIEW,,
674,DreamFactory/APT/Ubuntu 16.04/Modules/SQLAnywhere Ubuntu 16,2022-07-12T06:55:43Z,Jason,83,REVIEW,,
675,DreamFactory/APT/Ubuntu 16.04/Modules/SQLServer,2022-07-12T06:55:43Z,Jason,71,REVIEW,,
676,DreamFactory/APT/Ubuntu 16.04/Modules/SQLServer-Ubuntu 16,2022-07-12T06:55:43Z,Jason,81,REVIEW,,
677,DreamFactory/APT/Ubuntu 16.04/Modules/SQLite,2022-07-12T06:55:43Z,Jason,68,REVIEW,,
678,DreamFactory/APT/Ubuntu 16.04/Modules/v8js,2022-07-12T06:55:43Z,Jason,66,REVIEW,,
679,DreamFactory/APT/Ubuntu 16.04/Modules/v8js Ubuntu 16,2022-07-12T06:55:43Z,Jason,76,REVIEW,,
438,DreamFactory/APT/Ubuntu 16.04/Modules Ubuntu 16,2022-07-19T07:35:16Z,Jason,768,REVIEW,,
653,DreamFactory/APT/Ubuntu 16.04/Modules Ubuntu 16/Apache Cassandra,2022-07-12T06:55:41Z,Jason,78,REVIEW,,
516,DreamFactory/APT/Ubuntu 16.04/Modules Ubuntu 16/Apache Cassandra Ubuntu 16,2022-07-12T06:55:42Z,Jason,1550,REVIEW,,
631,DreamFactory/APT/Ubuntu 16.04/Modules Ubuntu 16/Firebird SQL,2022-07-12T06:55:42Z,Jason,74,REVIEW,,
528,DreamFactory/APT/Ubuntu 16.04/Modules Ubuntu 16/Firebird SQL Ubuntu 16,2022-07-12T06:55:42Z,Jason,168,REVIEW,,
725,DreamFactory/APT/Ubuntu 16.04/Modules Ubuntu 16/IBM DB2,2022-07-19T07:35:02Z,Jason,79,REVIEW,,
481,DreamFactory/APT/Ubuntu 16.04/Modules Ubuntu 16/IBM DB2 Ubuntu 16,2022-07-19T07:35:02Z,Jason,2207,REVIEW,,
650,DreamFactory/APT/Ubuntu 16.04/Modules Ubuntu 16/MongoDB,2022-07-12T06:55:42Z,Jason,69,REVIEW,,
443,DreamFactory/APT/Ubuntu 16.04/Modules Ubuntu 16/MongoDB Ubuntu 16,2022-07-12T06:55:42Z,Jason,831,REVIEW,,
645,DreamFactory/APT/Ubuntu 16.04/Modules Ubuntu 16/MySQL,2022-07-12T06:55:42Z,Jason,67,REVIEW,,
440,DreamFactory/APT/Ubuntu 16.04/Modules Ubuntu 16/MySQL Ubuntu 16,2022-07-12T06:55:42Z,Jason,267,REVIEW,,
486,DreamFactory/APT/Ubuntu 16.04/Modules Ubuntu 16/Node.js,2022-07-12T06:55:42Z,Jason,1176,REVIEW,,
719,DreamFactory/APT/Ubuntu 16.04/Modules Ubuntu 16/Oracle DB,2022-07-19T06:37:31Z,Jason,81,REVIEW,,
447,DreamFactory/APT/Ubuntu 16.04/Modules Ubuntu 16/Oracle DB Ubuntu 16,2022-07-19T06:37:31Z,Jason,2294,REVIEW,,
633,DreamFactory/APT/Ubuntu 16.04/Modules Ubuntu 16/PostgreSQL,2022-07-12T06:55:42Z,Jason,72,REVIEW,,
441,DreamFactory/APT/Ubuntu 16.04/Modules Ubuntu 16/PostgreSQL Ubuntu 16,2022-07-12T06:55:42Z,Jason,162,REVIEW,,
618,DreamFactory/APT/Ubuntu 16.04/Modules Ubuntu 16/Python,2022-07-12T06:55:42Z,Jason,65,REVIEW,,
536,DreamFactory/APT/Ubuntu 16.04/Modules Ubuntu 16/Python Ubuntu,2022-07-12T06:55:42Z,Jason,534,REVIEW,,
629,DreamFactory/APT/Ubuntu 16.04/Modules Ubuntu 16/SQLAnywhere,2022-07-12T06:55:43Z,Jason,73,REVIEW,,
444,DreamFactory/APT/Ubuntu 16.04/Modules Ubuntu 16/SQLAnywhere Ubuntu 16,2022-07-12T06:55:43Z,Jason,338,REVIEW,,
613,DreamFactory/APT/Ubuntu 16.04/Modules Ubuntu 16/SQLServer,2022-07-12T06:55:43Z,Jason,71,REVIEW,,
442,DreamFactory/APT/Ubuntu 16.04/Modules Ubuntu 16/SQLServer-Ubuntu 16,2022-07-12T06:55:43Z,Jason,2329,REVIEW,,
724,DreamFactory/APT/Ubuntu 16.04/Modules Ubuntu 16/SQLite,2022-07-19T07:02:12Z,Jason,78,REVIEW,,
439,DreamFactory/APT/Ubuntu 16.04/Modules Ubuntu 16/SQLite Ubuntu 16,2022-07-19T07:02:12Z,Jason,233,REVIEW,,
621,DreamFactory/APT/Ubuntu 16.04/Modules Ubuntu 16/v8js,2022-07-12T06:55:43Z,Jason,66,REVIEW,,
517,DreamFactory/APT/Ubuntu 16.04/Modules Ubuntu 16/v8js Ubuntu 16,2022-07-12T06:55:43Z,Jason,1126,REVIEW,,
642,DreamFactory/APT/Ubuntu 16.04/Upgrades,2022-07-11T07:33:52Z,Jason,62,REVIEW,,
437,DreamFactory/APT/Ubuntu 16.04/Upgrades Ubuntu 16,2022-07-11T07:33:51Z,Jason,1666,REVIEW,,
31,DreamFactory/Apps,2016-05-31T18:54:32Z,Tracyosborn,1550,REVIEW,,
569,DreamFactory/Bitnami,2018-05-17T19:36:13Z,Jason,204,REVIEW,,
728,DreamFactory/Bitnami Linux/Upgrades,2018-09-24T18:43:00Z,Administrator,2650,REVIEW,,
476,DreamFactory/Bitnami VM/Modules/Apache Cassandra,2016-11-07T15:10:48Z,Drewpearce,66,REVIEW,,
472,DreamFactory/Bitnami VM/Modules/MongoDB,2018-02-28T18:49:59Z,Drewpearce,1806,REVIEW,,
468,DreamFactory/Bitnami VM/Modules/MySQL,2016-11-07T14:20:22Z,Drewpearce,66,REVIEW,,
474,DreamFactory/Bitnami VM/Modules/Node.js,2016-11-07T14:23:55Z,Drewpearce,350,REVIEW,,
469,DreamFactory/Bitnami VM/Modules/PostgreSQL,2016-11-07T14:20:28Z,Drewpearce,66,REVIEW,,
475,DreamFactory/Bitnami VM/Modules/Python,2016-11-07T15:09:50Z,Drewpearce,183,REVIEW,,
471,DreamFactory/Bitnami VM/Modules/SQLAnywhere,2016-11-07T14:20:48Z,Drewpearce,66,REVIEW,,
467,DreamFactory/Bitnami VM/Modules/SQLite,2016-11-07T14:19:54Z,Drewpearce,66,REVIEW,,
473,DreamFactory/Bitnami VM/Modules/v8js,2016-11-07T14:21:06Z,Drewpearce,66,REVIEW,,
604,DreamFactory/Common-Headers-Parameters,2020-09-21T21:44:13Z,Szymon,60,REVIEW,,
129,DreamFactory/Connecting to SQL,2015-10-12T20:54:51Z,Toddappleton,54,REVIEW,,
224,DreamFactory/Contribution Guide,2020-09-02T11:02:41Z,Szymon,377,REVIEW,,
605,DreamFactory/Example Apps,2020-09-21T21:45:40Z,Szymon,57,REVIEW,,
172,DreamFactory/FAQs,2020-09-02T11:02:03Z,Szymon,13802,REVIEW,,
3,DreamFactory/Features,2022-07-11T06:07:43Z,Jason,1347,REVIEW,,
507,DreamFactory/Features/API Limits,2017-06-05T22:38:08Z,Charlesharmon,11580,REVIEW,,
46,DreamFactory/Features/Auth,2017-01-20T15:58:17Z,Arifislam,8760,REVIEW,,
49,DreamFactory/Features/CORS,2016-07-15T23:40:01Z,Benbusse,860,REVIEW,,
573,DreamFactory/Features/CSV,2018-06-04T17:55:14Z,Jason,1273,REVIEW,,
412,DreamFactory/Features/Cache,2016-08-09T18:25:36Z,Arifislam,7334,REVIEW,,
230,DreamFactory/Features/Database,2022-07-19T07:36:22Z,Jason,8758,REVIEW,,
487,DreamFactory/Features/Database/Azure DocumentDB,2016-11-22T15:13:44Z,Arifislam,679,REVIEW,,
406,DreamFactory/Features/Database/Azure Tables,2016-08-02T18:03:50Z,Leehicks,978,REVIEW,,
411,DreamFactory/Features/Database/Cassandra,2022-07-12T05:44:08Z,Jason,1696,REVIEW,,
407,DreamFactory/Features/Database/CouchDB,2016-08-02T18:05:21Z,Leehicks,975,REVIEW,,
488,DreamFactory/Features/Database/Couchbase,2016-11-22T15:21:28Z,Arifislam,993,REVIEW,,
405,DreamFactory/Features/Database/DynamoDb,2016-07-29T20:02:44Z,Leehicks,1288,REVIEW,,
726,DreamFactory/Features/Database/IBM DB2,2022-07-19T07:36:06Z,Jason,61,REVIEW,,
403,DreamFactory/Features/Database/IBM DB2 Features,2022-07-19T07:36:06Z,Jason,1459,REVIEW,,
649,DreamFactory/Features/Database/MongoDB,2022-07-12T05:15:21Z,Jason,61,REVIEW,,
404,DreamFactory/Features/Database/MongoDB Features,2022-07-12T05:18:55Z,Jason,1762,REVIEW,,
646,DreamFactory/Features/Database/MySQL,2022-07-12T04:41:42Z,Jason,59,REVIEW,,
398,DreamFactory/Features/Database/MySQL Features,2022-07-12T04:41:42Z,Jason,2652,REVIEW,,
717,DreamFactory/Features/Database/Oracle DB,2022-07-19T06:33:42Z,Jason,63,REVIEW,,
402,DreamFactory/Features/Database/Oracle DB Features,2022-07-19T06:33:42Z,Jason,2084,REVIEW,,
632,DreamFactory/Features/Database/PostgreSQL,2022-07-11T07:10:29Z,Jason,64,REVIEW,,
399,DreamFactory/Features/Database/PostgreSQL Features,2022-07-11T07:15:38Z,Jason,2153,REVIEW,,
259,DreamFactory/Features/Database/Records,2020-09-08T15:14:33Z,Szymon,24390,REVIEW,,
490,DreamFactory/Features/Database/Redshift,2022-07-11T07:16:14Z,Jason,1950,REVIEW,,
394,DreamFactory/Features/Database/Related Data,2016-11-29T21:11:40Z,Leehicks,20652,REVIEW,,
260,DreamFactory/Features/Database/SQL,2016-07-27T18:56:34Z,Leehicks,0,REVIEW,,
346,DreamFactory/Features/Database/SQL-Field-Expressions,2016-07-16T00:41:43Z,Benbusse,3034,REVIEW,,
393,DreamFactory/Features/Database/SQL/Field Expressions,2016-07-27T18:50:36Z,Leehicks,3040,REVIEW,,
489,DreamFactory/Features/Database/SQL/Related Data,2016-11-29T21:06:21Z,Leehicks,57,REVIEW,,
375,DreamFactory/Features/Database/SQL/Stored Procedures And Functions,2020-09-08T15:15:58Z,Szymon,10402,REVIEW,,
395,DreamFactory/Features/Database/SQL/Views,2016-07-27T18:55:53Z,Leehicks,190,REVIEW,,
628,DreamFactory/Features/Database/SQLAnywhere,2022-07-11T06:40:40Z,Jason,65,REVIEW,,
401,DreamFactory/Features/Database/SQLAnywhere Features,2022-07-11T06:40:40Z,Jason,1532,REVIEW,,
615,DreamFactory/Features/Database/SQLServer,2022-07-11T05:52:21Z,Jason,63,REVIEW,,
400,DreamFactory/Features/Database/SQLServer Features,2022-07-11T05:56:11Z,Jason,2247,REVIEW,,
721,DreamFactory/Features/Database/SQLite,2022-07-19T06:42:13Z,Jason,60,REVIEW,,
396,DreamFactory/Features/Database/SQLite Features,2022-07-19T06:42:13Z,Jason,1128,REVIEW,,
408,DreamFactory/Features/Database/Salesforce,2016-08-02T17:57:40Z,Leehicks,926,REVIEW,,
232,DreamFactory/Features/Database/Schema,2017-04-13T15:57:02Z,Matthewschaer,55202,REVIEW,,
582,DreamFactory/Features/Directory Services,2018-07-03T15:17:16Z,Jason,479,REVIEW,,
297,DreamFactory/Features/Email Services,2018-06-04T18:11:57Z,Jason,1885,REVIEW,,
397,DreamFactory/Features/Files,2020-07-23T13:37:28Z,Jason,11671,REVIEW,,
558,DreamFactory/Features/Files/GridFS,2018-01-10T19:33:58Z,Charlesharmon,3981,REVIEW,,
390,DreamFactory/Features/HTTP Services,2020-09-02T10:53:31Z,Szymon,5741,REVIEW,,
515,DreamFactory/Features/Limits,2017-06-05T21:39:07Z,Charlesharmon,46,REVIEW,,
409,DreamFactory/Features/Live API Docs,2016-08-02T18:58:10Z,Leehicks,1033,REVIEW,,
434,DreamFactory/Features/Log Services,2018-06-14T15:50:59Z,Administrator,7378,REVIEW,,
213,DreamFactory/Features/Lookups,2016-11-21T20:01:52Z,Leehicks,7451,REVIEW,,
568,DreamFactory/Features/MQTT,2018-04-12T18:00:14Z,Jason,3356,REVIEW,,
504,DreamFactory/Features/Push Notification Services,2017-03-01T01:23:40Z,Arifislam,7276,REVIEW,,
603,DreamFactory/Features/RemoteWebServices,2020-09-21T21:42:33Z,Szymon,70,REVIEW,,
96,DreamFactory/Features/Roles,2016-07-15T23:53:08Z,Benbusse,1433,REVIEW,,
391,DreamFactory/Features/SOAP Services,2020-09-02T10:52:49Z,Szymon,9404,REVIEW,,
198,DreamFactory/Features/Scripting,2023-06-06T18:22:20Z,Jason,58291,REVIEW,,
386,DreamFactory/Features/Scripting/Event Scripting,2016-11-21T22:25:01Z,Leehicks,7762,REVIEW,,
316,DreamFactory/Features/Scripting/NodeJs,2018-12-12T21:54:58Z,Administrator,3430,REVIEW,,
278,DreamFactory/Features/Scripting/PHP,2018-09-07T16:36:07Z,Jason,4128,REVIEW,,
619,DreamFactory/Features/Scripting/Python,2022-07-11T06:00:58Z,Jason,62,REVIEW,,
351,DreamFactory/Features/Scripting/Python Scripting,2022-07-11T06:00:58Z,Jason,4027,REVIEW,,
389,DreamFactory/Features/Scripting/Script Services,2016-11-21T22:21:46Z,Leehicks,2270,REVIEW,,
622,DreamFactory/Features/Scripting/V8Js,2022-07-11T06:07:28Z,Jason,60,REVIEW,,
200,DreamFactory/Features/Scripting/V8Js Scripting,2022-07-11T06:12:09Z,Jason,3444,REVIEW,,
281,DreamFactory/Features/ServiceTypes,2016-07-25T21:20:59Z,Leehicks,3716,REVIEW,,
587,DreamFactory/Features/Source Control,2020-09-08T14:34:56Z,Szymon,1645,REVIEW,,
392,DreamFactory/Features/System Resources,2016-07-27T17:28:52Z,Leehicks,1240,REVIEW,,
32,DreamFactory/Installation,2024-05-07T07:55:15Z,Xenon-nina,11349,REVIEW,,
290,DreamFactory/Installation/Bluemix,2016-01-04T16:37:07Z,Toddappleton,12,REVIEW,,
654,DreamFactory/Installation/Databases/Apache Cassandra,2022-07-12T05:43:24Z,Jason,79,REVIEW,,
413,DreamFactory/Installation/Databases/Apache Cassandra Installation,2022-07-12T05:43:24Z,Jason,2333,REVIEW,,
727,DreamFactory/Installation/Databases/IBM DB2,2022-07-19T07:37:10Z,Jason,70,REVIEW,,
357,DreamFactory/Installation/Databases/IBM DB2 Installation,2022-07-19T07:37:10Z,Jason,581,REVIEW,,
651,DreamFactory/Installation/Databases/MongoDB,2022-07-12T05:18:01Z,Jason,70,REVIEW,,
287,DreamFactory/Installation/Databases/MongoDB Installation,2022-07-12T05:18:00Z,Jason,846,REVIEW,,
644,DreamFactory/Installation/Databases/MySQL,2022-07-12T01:44:51Z,Jason,68,REVIEW,,
177,DreamFactory/Installation/Databases/MySQL Installation,2022-07-12T01:59:30Z,Jason,1041,REVIEW,,
716,DreamFactory/Installation/Databases/Oracle DB,2022-07-19T06:32:22Z,Jason,72,REVIEW,,
280,DreamFactory/Installation/Databases/Oracle DB Installation,2022-07-19T06:38:55Z,Jason,8558,REVIEW,,
635,DreamFactory/Installation/Databases/PostgreSQL,2022-07-11T07:14:22Z,Jason,73,REVIEW,,
319,DreamFactory/Installation/Databases/PostgreSQL Installation,2022-07-11T07:14:22Z,Jason,275,REVIEW,,
626,DreamFactory/Installation/Databases/SQLAnywhere,2022-07-11T06:37:18Z,Jason,74,REVIEW,,
266,DreamFactory/Installation/Databases/SQLAnywhere Installation,2022-07-11T06:42:11Z,Jason,292,REVIEW,,
616,DreamFactory/Installation/Databases/SQLServer,2022-07-11T05:55:23Z,Jason,80,REVIEW,,
261,DreamFactory/Installation/Databases/SQLServer as a System Database,2022-07-11T05:55:23Z,Jason,3720,REVIEW,,
720,DreamFactory/Installation/Databases/SQLite,2022-07-19T06:40:03Z,Jason,69,REVIEW,,
410,DreamFactory/Installation/Databases/SQLite Installation,2022-07-19T07:03:33Z,Jason,330,REVIEW,,
548,DreamFactory/Installation/DreamFactory Deployments with CloudFoundry,2017-10-24T15:03:35Z,Charlesharmon,4826,REVIEW,,
304,DreamFactory/Installation/Drivers/v8js,2016-02-01T19:04:44Z,Drewpearce,52,REVIEW,,
291,DreamFactory/Installation/Heroku,2020-10-13T21:22:15Z,Jason,105,REVIEW,,
183,DreamFactory/Installation/Linux/Apt,2017-12-07T14:40:47Z,Drewpearce,30,REVIEW,,
181,DreamFactory/Installation/Linux/Yum,2017-12-07T14:44:12Z,Drewpearce,30,REVIEW,,
330,DreamFactory/Installation/Modules/Node.js,2016-04-29T14:46:30Z,Drewpearce,5178,REVIEW,,
623,DreamFactory/Installation/Modules/v8js,2022-07-11T06:09:19Z,Jason,65,REVIEW,,
303,DreamFactory/Installation/Modules/v8js Installation,2022-07-11T06:09:19Z,Jason,397,REVIEW,,
288,DreamFactory/Installation/OpenShift,2016-05-05T20:04:44Z,Tracyosborn,366,REVIEW,,
289,DreamFactory/Installation/Pivotal,2016-01-04T16:36:39Z,Toddappleton,12,REVIEW,,
299,DreamFactory/Installation/RaspberryPi2,2016-07-14T19:07:02Z,Benbusse,5832,REVIEW,,
448,DreamFactory/Installation/Windows,2025-04-25T17:24:07Z,Jason,11961,REVIEW,,
594,DreamFactory/Integrations/Twitter,2018-07-23T21:06:41Z,Jason,2280,REVIEW,,
535,DreamFactory/OSX,2017-10-18T15:23:57Z,Drewpearce,35,REVIEW,,
458,DreamFactory/OSX/10.11,2022-07-13T01:59:36Z,Jason,227,REVIEW,,
640,DreamFactory/OSX/10.11/Installation,2022-07-11T07:25:10Z,Jason,55,REVIEW,,
449,DreamFactory/OSX/10.11/Installation MacOS,2022-07-11T07:25:10Z,Jason,8131,REVIEW,,
699,DreamFactory/OSX/10.11/Modules,2022-07-13T01:56:56Z,Jason,50,REVIEW,,
700,DreamFactory/OSX/10.11/Modules/MongoDB,2022-07-13T01:56:56Z,Jason,58,REVIEW,,
701,DreamFactory/OSX/10.11/Modules/MongoDB MacOS,2022-07-13T01:56:56Z,Jason,64,REVIEW,,
702,DreamFactory/OSX/10.11/Modules/MySQL,2022-07-13T01:56:56Z,Jason,56,REVIEW,,
703,DreamFactory/OSX/10.11/Modules/MySQL MacOs,2022-07-13T01:56:56Z,Jason,62,REVIEW,,
704,DreamFactory/OSX/10.11/Modules/Oracle DB,2022-07-13T01:56:56Z,Jason,60,REVIEW,,
705,DreamFactory/OSX/10.11/Modules/SQLAnywhere,2022-07-13T01:56:56Z,Jason,62,REVIEW,,
706,DreamFactory/OSX/10.11/Modules/SQLAnywhere MacOS,2022-07-13T01:56:56Z,Jason,68,REVIEW,,
707,DreamFactory/OSX/10.11/Modules/SQLServer,2022-07-13T01:56:56Z,Jason,60,REVIEW,,
708,DreamFactory/OSX/10.11/Modules/SQLServer MacOS,2022-07-13T01:56:57Z,Jason,66,REVIEW,,
709,DreamFactory/OSX/10.11/Modules/SQLite,2022-07-13T01:56:57Z,Jason,57,REVIEW,,
710,DreamFactory/OSX/10.11/Modules/v8js,2022-07-13T01:56:57Z,Jason,55,REVIEW,,
711,DreamFactory/OSX/10.11/Modules/v8js MacOS,2022-07-13T01:56:57Z,Jason,61,REVIEW,,
450,DreamFactory/OSX/10.11/Modules MacOS,2022-07-19T06:58:12Z,Jason,474,REVIEW,,
652,DreamFactory/OSX/10.11/Modules MacOS/MongoDB,2022-07-13T01:56:56Z,Jason,58,REVIEW,,
456,DreamFactory/OSX/10.11/Modules MacOS/MongoDB MacOS,2022-07-13T01:56:56Z,Jason,154,REVIEW,,
643,DreamFactory/OSX/10.11/Modules MacOS/MySQL,2022-07-13T01:56:56Z,Jason,56,REVIEW,,
453,DreamFactory/OSX/10.11/Modules MacOS/MySQL MacOs,2022-07-13T01:56:56Z,Jason,94,REVIEW,,
718,DreamFactory/OSX/10.11/Modules MacOS/Oracle DB,2022-07-19T06:35:04Z,Jason,66,REVIEW,,
457,DreamFactory/OSX/10.11/Modules MacOS/Oracle DB MacOS,2022-07-19T06:35:04Z,Jason,1997,REVIEW,,
625,DreamFactory/OSX/10.11/Modules MacOS/SQLAnywhere,2022-07-13T01:56:56Z,Jason,62,REVIEW,,
455,DreamFactory/OSX/10.11/Modules MacOS/SQLAnywhere MacOS,2022-07-13T01:56:56Z,Jason,94,REVIEW,,
617,DreamFactory/OSX/10.11/Modules MacOS/SQLServer,2022-07-13T01:56:56Z,Jason,60,REVIEW,,
454,DreamFactory/OSX/10.11/Modules MacOS/SQLServer MacOS,2022-07-13T01:56:56Z,Jason,94,REVIEW,,
723,DreamFactory/OSX/10.11/Modules MacOS/SQLite,2022-07-19T06:57:59Z,Jason,63,REVIEW,,
452,DreamFactory/OSX/10.11/Modules MacOS/SQLite MacOS,2022-07-19T06:57:59Z,Jason,95,REVIEW,,
624,DreamFactory/OSX/10.11/Modules MacOS/v8js,2022-07-13T01:56:57Z,Jason,55,REVIEW,,
451,DreamFactory/OSX/10.11/Modules MacOS/v8js MacOS,2022-07-13T01:56:57Z,Jason,95,REVIEW,,
641,DreamFactory/OSX/10.11/Upgrades,2022-07-11T07:28:07Z,Jason,51,REVIEW,,
459,DreamFactory/OSX/10.11/Upgrades MacOS,2022-07-11T07:28:07Z,Jason,1530,REVIEW,,
2,DreamFactory/Overview,2020-07-24T16:55:27Z,Jason,4450,REVIEW,,
567,DreamFactory/Performance,2018-04-09T15:54:30Z,Jason,2652,REVIEW,,
236,DreamFactory/References,2016-06-22T14:57:10Z,Toddappleton,316,REVIEW,,
255,DreamFactory/Release Notes,2023-04-06T17:05:15Z,Jason,107,REVIEW,,
254,DreamFactory/SDKs,2016-06-22T18:56:25Z,Toddappleton,57,REVIEW,,
388,DreamFactory/Security Bulletins,2016-07-21T19:30:31Z,Matthewschaer,335,REVIEW,,
360,DreamFactory/Software Dependencies,2016-07-14T19:48:43Z,Benbusse,187,REVIEW,,
190,DreamFactory/Troubleshooting,2020-09-02T10:50:24Z,Szymon,16642,REVIEW,,
362,DreamFactory/Tutoirals/cURL Examples,2016-06-22T18:31:01Z,Toddappleton,50,REVIEW,,
35,DreamFactory/Tutorials,2025-11-19T19:51:07Z,Jason,731,REVIEW,,
141,DreamFactory/Tutorials/Access Using API Key,2018-07-13T18:15:28Z,Administrator,915,REVIEW,,
142,DreamFactory/Tutorials/Access Using JWT,2018-07-13T18:16:44Z,Administrator,897,REVIEW,,
144,DreamFactory/Tutorials/Access Using JWT and API Key,2018-07-13T18:18:38Z,Administrator,1122,REVIEW,,
169,DreamFactory/Tutorials/Accessing NoSQL collections,2016-02-03T18:21:47Z,Arifislam,2007,REVIEW,,
166,DreamFactory/Tutorials/Accessing SQL tables,2020-09-02T10:49:23Z,Szymon,2227,REVIEW,,
196,DreamFactory/Tutorials/Accessing documents,2016-02-03T18:17:54Z,Arifislam,970,REVIEW,,
202,DreamFactory/Tutorials/Accessing email services,2016-02-03T18:22:40Z,Arifislam,909,REVIEW,,
204,DreamFactory/Tutorials/Accessing push notifications,2016-02-03T18:23:14Z,Arifislam,947,REVIEW,,
206,DreamFactory/Tutorials/Accessing remote web services,2016-02-03T18:23:40Z,Arifislam,838,REVIEW,,
185,DreamFactory/Tutorials/Adding a text file,2016-07-15T21:40:39Z,Benbusse,2086,REVIEW,,
367,DreamFactory/Tutorials/App Deployment,2016-06-22T19:45:37Z,Toddappleton,12,REVIEW,,
366,DreamFactory/Tutorials/Authentication and Authorization,2021-07-19T23:49:31Z,Jason,2487,REVIEW,,
140,DreamFactory/Tutorials/Basic Auth,2019-08-13T16:15:09Z,Jason,1792,REVIEW,,
153,DreamFactory/Tutorials/Calling SQL functions,2016-06-22T20:14:35Z,Toddappleton,508,REVIEW,,
199,DreamFactory/Tutorials/Clearing the system cache,2016-07-15T22:31:29Z,Benbusse,516,REVIEW,,
368,DreamFactory/Tutorials/Configuration,2018-05-23T22:26:23Z,Administrator,386,REVIEW,,
256,DreamFactory/Tutorials/Confirming New User,2016-10-12T13:39:20Z,Arifislam,1553,REVIEW,,
228,DreamFactory/Tutorials/Connecting To NoSQL,2017-03-02T13:25:59Z,Drewpearce,4144,REVIEW,,
363,DreamFactory/Tutorials/Connecting to Data Sources,2018-05-23T14:07:22Z,Administrator,691,REVIEW,,
265,DreamFactory/Tutorials/Connecting to Email Services,2018-08-20T16:07:08Z,Jason,3901,REVIEW,,
239,DreamFactory/Tutorials/Connecting to File Storage,2020-07-23T13:38:34Z,Jason,2166,REVIEW,,
571,DreamFactory/Tutorials/Connecting to GraphQL,2020-09-02T10:47:34Z,Szymon,3780,REVIEW,,
240,DreamFactory/Tutorials/Connecting to Push Notification Services,2016-07-14T22:52:09Z,Benbusse,607,REVIEW,,
241,DreamFactory/Tutorials/Connecting to Remote Web Services,2016-07-14T22:54:31Z,Benbusse,1161,REVIEW,,
321,DreamFactory/Tutorials/Connecting to SOAP Services,2016-07-14T22:55:07Z,Benbusse,725,REVIEW,,
110,DreamFactory/Tutorials/Connecting to SQL,2016-09-02T13:00:59Z,Drewpearce,1969,REVIEW,,
122,DreamFactory/Tutorials/Creating users,2016-07-15T16:41:31Z,Benbusse,4031,REVIEW,,
191,DreamFactory/Tutorials/Custom scripting service example,2016-02-23T20:45:38Z,Arifislam,2664,REVIEW,,
184,DreamFactory/Tutorials/Deleting File,2016-07-15T21:39:32Z,Benbusse,3033,REVIEW,,
147,DreamFactory/Tutorials/Deleting records,2016-06-22T20:13:00Z,Toddappleton,586,REVIEW,,
180,DreamFactory/Tutorials/Downloading File,2016-10-12T13:37:02Z,Arifislam,2437,REVIEW,,
186,DreamFactory/Tutorials/Edmunds API,2016-09-13T19:03:53Z,Benbusse,4376,REVIEW,,
602,DreamFactory/Tutorials/Enabling CORS Access,2020-09-21T20:30:24Z,Szymon,57,REVIEW,,
109,DreamFactory/Tutorials/Enabling CORS access,2019-01-02T17:51:05Z,Administrator,941,REVIEW,,
208,DreamFactory/Tutorials/Enabling script access,2016-02-03T18:24:15Z,Arifislam,1729,REVIEW,,
171,DreamFactory/Tutorials/Example Applications,2016-09-06T14:17:58Z,Toddappleton,1260,REVIEW,,
249,DreamFactory/Tutorials/Field validation example,2015-11-19T21:43:58Z,Arifislam,0,REVIEW,,
233,DreamFactory/Tutorials/Forever sessions,2017-09-28T20:39:00Z,Arifislam,2912,REVIEW,,
244,DreamFactory/Tutorials/Importing Groups as Roles,2018-01-10T14:40:10Z,Matthewschaer,1239,REVIEW,,
123,DreamFactory/Tutorials/Logging in,2016-07-14T20:38:04Z,Benbusse,1205,REVIEW,,
124,DreamFactory/Tutorials/Logging out,2016-07-14T20:39:15Z,Benbusse,649,REVIEW,,
426,DreamFactory/Tutorials/Managing user custom data,2017-08-17T16:21:30Z,Drewpearce,2493,REVIEW,,
425,DreamFactory/Tutorials/Managing user lookups,2018-06-14T19:26:38Z,Administrator,3498,REVIEW,,
427,DreamFactory/Tutorials/Managing user role assignments,2018-07-16T20:15:53Z,Jason,16792,REVIEW,,
423,DreamFactory/Tutorials/MapQuest API,2016-09-14T17:15:23Z,Benbusse,2965,REVIEW,,
252,DreamFactory/Tutorials/Mapping Roles to AD Groups,2016-07-15T16:23:49Z,Benbusse,1412,REVIEW,,
730,DreamFactory/Tutorials/NET to REACT,2025-11-19T20:04:05Z,Jason,8454,REVIEW,,
415,DreamFactory/Tutorials/Node custom formulas,2016-10-05T15:58:38Z,Benbusse,1108,REVIEW,,
325,DreamFactory/Tutorials/Node custom scripting service math,2016-07-15T22:10:33Z,Benbusse,2954,REVIEW,,
417,DreamFactory/Tutorials/Node field level security,2016-10-05T16:00:03Z,Benbusse,1197,REVIEW,,
416,DreamFactory/Tutorials/Node field scrambling,2016-10-05T15:59:12Z,Benbusse,1689,REVIEW,,
323,DreamFactory/Tutorials/Node field validation,2016-07-15T22:07:40Z,Benbusse,1471,REVIEW,,
430,DreamFactory/Tutorials/Node log login events to logstash,2016-10-05T16:01:29Z,Benbusse,1926,REVIEW,,
483,DreamFactory/Tutorials/Node platform api crud,2016-11-09T19:15:52Z,Toddappleton,5971,REVIEW,,
324,DreamFactory/Tutorials/Node push notification,2016-07-15T22:08:30Z,Benbusse,1400,REVIEW,,
418,DreamFactory/Tutorials/Node service monetization,2016-10-05T15:59:40Z,Benbusse,1016,REVIEW,,
136,DreamFactory/Tutorials/Open Registration,2016-07-15T16:47:19Z,Benbusse,2995,REVIEW,,
317,DreamFactory/Tutorials/PHP Custom scripting service math,2016-07-15T22:16:59Z,Benbusse,2531,REVIEW,,
250,DreamFactory/Tutorials/PHP Field validation example,2016-07-15T22:14:17Z,Benbusse,868,REVIEW,,
251,DreamFactory/Tutorials/PHP Push notification workflow rule example,2016-05-13T16:12:45Z,Arifislam,875,REVIEW,,
318,DreamFactory/Tutorials/PHP SQL with NoSQL,2016-08-02T20:51:13Z,Benbusse,1165,REVIEW,,
484,DreamFactory/Tutorials/PHP platform api crud,2016-11-09T19:31:44Z,Toddappleton,6223,REVIEW,,
349,DreamFactory/Tutorials/Packaging,2016-06-23T18:50:50Z,Arifislam,7028,REVIEW,,
117,DreamFactory/Tutorials/Paginating with limits and offsets,2016-06-22T20:12:26Z,Toddappleton,1226,REVIEW,,
133,DreamFactory/Tutorials/Posting a single record,2016-05-05T22:58:52Z,Tracyosborn,728,REVIEW,,
138,DreamFactory/Tutorials/Posting data to multiple tables with joins,2019-10-09T19:49:06Z,Administrator,2048,REVIEW,,
131,DreamFactory/Tutorials/Posting records,2019-03-25T21:55:03Z,Administrator,928,REVIEW,,
327,DreamFactory/Tutorials/Python Custom scripting service math,2016-07-15T22:22:41Z,Benbusse,2310,REVIEW,,
478,DreamFactory/Tutorials/Python Field level security,2016-11-07T18:13:30Z,Matthewschaer,610,REVIEW,,
479,DreamFactory/Tutorials/Python Field level security example,2016-11-07T18:22:55Z,Matthewschaer,610,REVIEW,,
326,DreamFactory/Tutorials/Python Field validation example,2017-03-15T15:35:42Z,Drewpearce,923,REVIEW,,
329,DreamFactory/Tutorials/Python Push notification workflow rule example,2016-07-15T22:21:29Z,Benbusse,873,REVIEW,,
328,DreamFactory/Tutorials/Python SQL with NoSQL,2016-08-02T20:52:09Z,Benbusse,1295,REVIEW,,
595,DreamFactory/Tutorials/Python calling DreamFactory-mounted APIs,2019-03-12T19:16:01Z,Administrator,523,REVIEW,,
480,DreamFactory/Tutorials/Python field level security,2016-11-07T20:02:23Z,Matthewschaer,610,REVIEW,,
485,DreamFactory/Tutorials/Python platform api crud,2016-11-09T19:28:59Z,Toddappleton,3269,REVIEW,,
151,DreamFactory/Tutorials/Querying SQL views,2016-06-22T20:14:15Z,Toddappleton,647,REVIEW,,
105,DreamFactory/Tutorials/Querying for a single record by ID,2016-06-22T20:11:42Z,Toddappleton,500,REVIEW,,
111,DreamFactory/Tutorials/Querying multiple tables with joins,2016-06-22T20:13:11Z,Toddappleton,1382,REVIEW,,
120,DreamFactory/Tutorials/Querying records in a date range,2016-06-22T20:11:53Z,Toddappleton,1152,REVIEW,,
47,DreamFactory/Tutorials/Querying records with an ID list,2016-06-22T20:10:57Z,Toddappleton,550,REVIEW,,
37,DreamFactory/Tutorials/Querying records with logical filters,2022-09-13T16:19:05Z,Jason,2262,REVIEW,,
149,DreamFactory/Tutorials/Querying stored procedures,2016-06-22T20:14:24Z,Toddappleton,566,REVIEW,,
193,DreamFactory/Tutorials/Record-level access control,2016-02-03T18:18:49Z,Arifislam,3630,REVIEW,,
146,DreamFactory/Tutorials/Refreshing a JWT,2018-08-27T14:54:08Z,Jason,2041,REVIEW,,
305,DreamFactory/Tutorials/Retrieving AD Computers,2016-07-15T16:36:48Z,Benbusse,1442,REVIEW,,
263,DreamFactory/Tutorials/Retrieving AD Groups,2016-07-15T16:29:35Z,Benbusse,1609,REVIEW,,
264,DreamFactory/Tutorials/Retrieving AD Users,2016-07-15T16:33:44Z,Benbusse,1380,REVIEW,,
189,DreamFactory/Tutorials/Rotten Tomatoes API,2016-09-13T19:04:33Z,Benbusse,7490,REVIEW,,
160,DreamFactory/Tutorials/Sending Email,2016-07-15T21:45:13Z,Benbusse,3216,REVIEW,,
179,DreamFactory/Tutorials/Sending Push Notifications,2016-07-15T21:48:50Z,Benbusse,2181,REVIEW,,
505,DreamFactory/Tutorials/Sending Push Notifications Using APNS,2017-03-01T18:57:25Z,Arifislam,5959,REVIEW,,
506,DreamFactory/Tutorials/Sending Push Notifications Using GCM Service,2017-03-01T18:57:47Z,Arifislam,5969,REVIEW,,
365,DreamFactory/Tutorials/Server Side Scripting,2019-03-12T19:08:16Z,Administrator,2789,REVIEW,,
572,DreamFactory/Tutorials/Setting up An ELK Stack,2020-09-02T10:46:02Z,Szymon,286,REVIEW,,
164,DreamFactory/Tutorials/Setting up application default role,2019-08-13T18:57:35Z,Jason,577,REVIEW,,
201,DreamFactory/Tutorials/Setting up email templates,2016-07-15T22:33:51Z,Benbusse,3417,REVIEW,,
218,DreamFactory/Tutorials/Setting up guest access,2016-07-15T21:24:26Z,Benbusse,12866,REVIEW,,
212,DreamFactory/Tutorials/Setting up lookup keys,2016-07-15T22:38:02Z,Benbusse,1945,REVIEW,,
161,DreamFactory/Tutorials/Setting up user roles,2019-08-02T00:32:17Z,Administrator,2231,REVIEW,,
115,DreamFactory/Tutorials/Sorting records,2016-06-22T20:12:15Z,Toddappleton,1130,REVIEW,,
113,DreamFactory/Tutorials/Specifying fields,2016-06-22T20:12:04Z,Toddappleton,607,REVIEW,,
322,DreamFactory/Tutorials/Temp Conversion SOAP API,2017-08-15T14:32:51Z,Drewpearce,3240,REVIEW,,
419,DreamFactory/Tutorials/Twilio API,2016-09-13T18:59:41Z,Benbusse,3082,REVIEW,,
143,DreamFactory/Tutorials/Updating records,2025-03-19T17:45:17Z,Jason,705,REVIEW,,
229,DreamFactory/Tutorials/Upgrading Your App,2016-11-29T15:32:07Z,Drewpearce,8680,REVIEW,,
178,DreamFactory/Tutorials/Uploading File,2019-07-25T15:26:20Z,Jason,4064,REVIEW,,
102,DreamFactory/Tutorials/Using Active Directory,2018-07-26T16:09:26Z,Jason,2749,REVIEW,,
414,DreamFactory/Tutorials/Using Cache Service,2016-08-18T16:27:07Z,Arifislam,4534,REVIEW,,
601,DreamFactory/Tutorials/Using Forever Session,2020-09-21T20:29:19Z,Szymon,53,REVIEW,,
104,DreamFactory/Tutorials/Using LDAP,2019-08-26T22:00:59Z,Administrator,7924,REVIEW,,
99,DreamFactory/Tutorials/Using OAuth,2016-07-20T14:37:58Z,Arifislam,3341,REVIEW,,
503,DreamFactory/Tutorials/Using SAML 2.0,2017-01-20T17:39:29Z,Arifislam,3530,REVIEW,,
340,DreamFactory/Tutorials/Using calculated fields,2016-06-22T20:14:02Z,Toddappleton,2339,REVIEW,,
337,DreamFactory/Tutorials/Using field aliases,2016-06-22T20:13:53Z,Toddappleton,1365,REVIEW,,
267,DreamFactory/Tutorials/Using role lookup keys,2016-02-03T18:24:52Z,Arifislam,2110,REVIEW,,
128,DreamFactory/Tutorials/Using the API Docs,2015-10-12T21:11:01Z,Toddappleton,3419,REVIEW,,
364,DreamFactory/Tutorials/Using the REST API,2017-03-01T01:37:57Z,Arifislam,3248,REVIEW,,
331,DreamFactory/Tutorials/Using virtual foreign keys,2020-06-03T17:52:20Z,Jason,5999,REVIEW,,
370,DreamFactory/Tutorials/V8 custom formulas,2016-07-15T22:02:53Z,Benbusse,820,REVIEW,,
312,DreamFactory/Tutorials/V8 custom scripting 'add' service,2020-09-08T17:18:08Z,Szymon,68,REVIEW,,
311,DreamFactory/Tutorials/V8 custom scripting service,2020-09-21T20:02:36Z,Szymon,68,REVIEW,,
313,DreamFactory/Tutorials/V8 custom scripting service 'add',2020-09-08T17:17:50Z,Szymon,68,REVIEW,,
175,DreamFactory/Tutorials/V8 custom scripting service add,2016-02-22T20:58:17Z,Toddappleton,1895,REVIEW,,
314,DreamFactory/Tutorials/V8 custom scripting service math,2016-07-15T21:57:20Z,Benbusse,2588,REVIEW,,
373,DreamFactory/Tutorials/V8 field level security,2016-09-07T14:16:38Z,Toddappleton,919,REVIEW,,
371,DreamFactory/Tutorials/V8 field scrambling,2016-09-07T13:43:07Z,Toddappleton,1454,REVIEW,,
173,DreamFactory/Tutorials/V8 field validation,2016-07-15T21:54:27Z,Benbusse,1126,REVIEW,,
429,DreamFactory/Tutorials/V8 log login events to logstash,2016-10-04T21:26:12Z,Benbusse,1268,REVIEW,,
482,DreamFactory/Tutorials/V8 platform api crud,2016-11-09T19:30:46Z,Toddappleton,2951,REVIEW,,
174,DreamFactory/Tutorials/V8 push notification,2016-05-05T23:20:08Z,Tracyosborn,1126,REVIEW,,
372,DreamFactory/Tutorials/V8 service monetization,2016-09-07T17:15:24Z,Toddappleton,611,REVIEW,,
310,DreamFactory/Tutorials/V8 sql with nosql,2016-08-02T20:50:13Z,Benbusse,1007,REVIEW,,
374,DreamFactory/Tutorials/V8 usage alert,2016-06-29T19:06:59Z,Toddappleton,1750,REVIEW,,
361,DreamFactory/Tutorials/cURL Examples,2020-09-02T10:45:05Z,Szymon,2529,REVIEW,,
187,DreamFactory/Tutorials/edmunds api,2015-10-27T21:46:11Z,Toddappleton,48,REVIEW,,
188,DreamFactory/Tutorials/sending push notifications,2015-10-27T21:48:58Z,Toddappleton,63,REVIEW,,
350,DreamFactory/URL Encoding,2016-04-25T18:14:17Z,Matthewschaer,1530,REVIEW,,
352,DreamFactory/Upgrades,2022-07-11T07:34:13Z,Jason,8526,REVIEW,,
130,DreamFactory/Using the API Docs,2015-10-12T20:55:36Z,Toddappleton,55,REVIEW,,
295,DreamFactory/Videos,2019-08-13T16:00:51Z,Jason,3335,REVIEW,,
525,DreamFactory/Windows,2017-08-25T20:50:12Z,Charlesharmon,151,REVIEW,,
526,DreamFactory/Windows/Convert Bitnami to IIS,2017-08-25T21:06:28Z,Charlesharmon,634,REVIEW,,
462,DreamFactory/Windows/IIS7,2016-11-02T19:45:50Z,Drewpearce,205,REVIEW,,
461,DreamFactory/Windows/IIS7/Installation,2020-09-02T10:44:17Z,Szymon,8985,REVIEW,,
463,DreamFactory/Windows/IIS7/Modules,2016-11-02T19:46:29Z,Drewpearce,432,REVIEW,,
529,DreamFactory/Yum,2021-02-25T19:46:41Z,Jason,306,REVIEW,,
556,DreamFactory/Yum/Amazon Linux,2022-07-11T07:19:23Z,Jason,228,REVIEW,,
636,DreamFactory/Yum/Amazon Linux/Installation,2022-07-11T07:19:08Z,Jason,69,REVIEW,,
557,DreamFactory/Yum/Amazon Linux/Installation Amazon Linux,2022-07-11T07:19:07Z,Jason,8958,REVIEW,,
530,DreamFactory/Yum/CentOS 6,2022-07-13T02:05:11Z,Jason,212,REVIEW,,
637,DreamFactory/Yum/CentOS 6/Installation,2022-07-11T07:20:10Z,Jason,61,REVIEW,,
531,DreamFactory/Yum/CentOS 6/Installation CentOS 6,2022-07-11T07:20:10Z,Jason,1716,REVIEW,,
712,DreamFactory/Yum/CentOS 6/Modules,2022-07-13T02:04:43Z,Jason,56,REVIEW,,
713,DreamFactory/Yum/CentOS 6/Modules/SQLServer,2022-07-13T02:04:43Z,Jason,66,REVIEW,,
714,DreamFactory/Yum/CentOS 6/Modules/SQLServer-CentOS 6,2022-07-13T02:04:43Z,Jason,75,REVIEW,,
532,DreamFactory/Yum/CentOS 6/Modules CentOS 6,2022-07-13T02:04:43Z,Jason,637,REVIEW,,
612,DreamFactory/Yum/CentOS 6/Modules CentOS 6/SQLServer,2022-07-13T02:04:43Z,Jason,66,REVIEW,,
533,DreamFactory/Yum/CentOS 6/Modules CentOS 6/SQLServer-CentOS 6,2022-07-13T02:04:43Z,Jason,2517,REVIEW,,
460,DreamFactory/Yum/CentOS 7,2022-07-13T01:55:48Z,Jason,212,REVIEW,,
638,DreamFactory/Yum/CentOS 7/Installation,2022-07-11T07:22:13Z,Jason,61,REVIEW,,
446,DreamFactory/Yum/CentOS 7/Installation CentOS 7,2022-07-11T07:22:13Z,Jason,12211,REVIEW,,
682,DreamFactory/Yum/CentOS 7/Modules,2022-07-13T01:54:47Z,Jason,56,REVIEW,,
683,DreamFactory/Yum/CentOS 7/Modules/Firebird SQL,2022-07-13T01:54:47Z,Jason,69,REVIEW,,
684,DreamFactory/Yum/CentOS 7/Modules/Firebird SQL CentOS 7,2022-07-13T01:54:47Z,Jason,78,REVIEW,,
685,DreamFactory/Yum/CentOS 7/Modules/MongoDB,2022-07-13T01:54:47Z,Jason,64,REVIEW,,
686,DreamFactory/Yum/CentOS 7/Modules/MongoDB CentOS 7,2022-07-13T01:54:47Z,Jason,73,REVIEW,,
687,DreamFactory/Yum/CentOS 7/Modules/MySQL,2022-07-13T01:54:47Z,Jason,62,REVIEW,,
688,DreamFactory/Yum/CentOS 7/Modules/MySQL CentOS 7,2022-07-13T01:54:47Z,Jason,71,REVIEW,,
689,DreamFactory/Yum/CentOS 7/Modules/Oracle DB,2022-07-13T01:54:47Z,Jason,66,REVIEW,,
690,DreamFactory/Yum/CentOS 7/Modules/PostgreSQL,2022-07-13T01:54:47Z,Jason,67,REVIEW,,
691,DreamFactory/Yum/CentOS 7/Modules/PostgreSQL CentOS 7,2022-07-13T01:54:47Z,Jason,76,REVIEW,,
692,DreamFactory/Yum/CentOS 7/Modules/Python,2022-07-13T01:54:47Z,Jason,63,REVIEW,,
693,DreamFactory/Yum/CentOS 7/Modules/Python CentOS 7,2022-07-13T01:54:47Z,Jason,72,REVIEW,,
694,DreamFactory/Yum/CentOS 7/Modules/SQLAnywhere,2022-07-13T01:54:47Z,Jason,68,REVIEW,,
695,DreamFactory/Yum/CentOS 7/Modules/SQLAnywhere CentOS 7,2022-07-13T01:54:48Z,Jason,77,REVIEW,,
696,DreamFactory/Yum/CentOS 7/Modules/SQLServer,2022-07-13T01:54:48Z,Jason,66,REVIEW,,
697,DreamFactory/Yum/CentOS 7/Modules/SQLServer CentOS 7,2022-07-13T01:54:48Z,Jason,75,REVIEW,,
698,DreamFactory/Yum/CentOS 7/Modules/SQLite,2022-07-13T01:54:48Z,Jason,63,REVIEW,,
537,DreamFactory/Yum/CentOS 7/Modules CentOS 7,2022-07-19T06:57:17Z,Jason,731,REVIEW,,
630,DreamFactory/Yum/CentOS 7/Modules CentOS 7/Firebird SQL,2022-07-13T01:54:47Z,Jason,69,REVIEW,,
547,DreamFactory/Yum/CentOS 7/Modules CentOS 7/Firebird SQL CentOS 7,2022-07-13T01:54:47Z,Jason,168,REVIEW,,
648,DreamFactory/Yum/CentOS 7/Modules CentOS 7/MongoDB,2022-07-13T01:54:47Z,Jason,64,REVIEW,,
546,DreamFactory/Yum/CentOS 7/Modules CentOS 7/MongoDB CentOS 7,2022-07-13T01:54:47Z,Jason,225,REVIEW,,
647,DreamFactory/Yum/CentOS 7/Modules CentOS 7/MySQL,2022-07-13T01:54:47Z,Jason,62,REVIEW,,
540,DreamFactory/Yum/CentOS 7/Modules CentOS 7/MySQL CentOS 7,2022-07-13T01:54:47Z,Jason,263,REVIEW,,
715,DreamFactory/Yum/CentOS 7/Modules CentOS 7/Oracle DB,2022-07-19T06:30:11Z,Jason,75,REVIEW,,
542,DreamFactory/Yum/CentOS 7/Modules CentOS 7/Oracle DB CentOS 7,2022-07-19T06:30:11Z,Jason,1986,REVIEW,,
634,DreamFactory/Yum/CentOS 7/Modules CentOS 7/PostgreSQL,2022-07-13T01:54:47Z,Jason,67,REVIEW,,
541,DreamFactory/Yum/CentOS 7/Modules CentOS 7/PostgreSQL CentOS 7,2022-07-13T01:54:47Z,Jason,158,REVIEW,,
620,DreamFactory/Yum/CentOS 7/Modules CentOS 7/Python,2022-07-13T01:54:47Z,Jason,63,REVIEW,,
544,DreamFactory/Yum/CentOS 7/Modules CentOS 7/Python CentOS 7,2022-07-13T01:54:47Z,Jason,525,REVIEW,,
627,DreamFactory/Yum/CentOS 7/Modules CentOS 7/SQLAnywhere,2022-07-13T01:54:47Z,Jason,68,REVIEW,,
545,DreamFactory/Yum/CentOS 7/Modules CentOS 7/SQLAnywhere CentOS 7,2022-07-13T01:54:48Z,Jason,164,REVIEW,,
614,DreamFactory/Yum/CentOS 7/Modules CentOS 7/SQLServer,2022-07-13T01:54:48Z,Jason,66,REVIEW,,
538,DreamFactory/Yum/CentOS 7/Modules CentOS 7/SQLServer CentOS 7,2022-07-13T01:54:48Z,Jason,1759,REVIEW,,
722,DreamFactory/Yum/CentOS 7/Modules CentOS 7/SQLite,2022-07-19T06:57:07Z,Jason,72,REVIEW,,
539,DreamFactory/Yum/CentOS 7/Modules CentOS 7/SQLite CentOS 7,2022-07-19T06:57:07Z,Jason,229,REVIEW,,
611,Dreamfactory/api,2022-03-03T06:32:45Z,Jason,30,REVIEW,,
610,Dreamfactory/installation,2022-03-03T06:27:39Z,Jason,39,REVIEW,,
600,Dreamfactory/tutorials/accessing sql tables,2020-09-21T20:14:02Z,Szymon,57,REVIEW,,
598,Dreamfactory/tutorials/using oauth,2020-09-04T14:13:16Z,Szymon,48,REVIEW,,
1,Main Page,2025-11-18T18:51:28Z,Jason,1279,REVIEW,,
599,Main Page/,2020-09-04T23:31:32Z,Szymon,23,REVIEW,,
107,Marketing Endpoint,2016-05-05T20:51:24Z,Tracyosborn,4047,REVIEW,,
387,Security Bulletins,2016-07-21T13:56:13Z,Matthewschaer,0,REVIEW,,
353,Upgrades,2016-05-17T18:19:58Z,Drewpearce,35,REVIEW,,
431,Upgrading Dreamfactory within Gold,2017-06-26T13:18:03Z,Drewpearce,3077,REVIEW,,
606,Wiki/Packages/Deb,2020-09-28T20:26:06Z,Szymon,30,REVIEW,,
607,Wiki/Packages/Rpm,2020-09-28T20:26:29Z,Szymon,30,REVIEW,,
